{"cameraMode":{"drawMode":0,"name":"Shaded","section":"Shading Mode"},"sceneLighting":true,"audioPlay":false,"sceneViewState":{"m_AlwaysRefresh":false,"showFog":true,"showSkybox":true,"showFlares":true,"showImageEffects":true,"showParticleSystems":true,"showVisualEffectGraphs":true,"m_FxEnabled":true},"in2DMode":false,"pivot":{"x":0.7770224809646606,"y":0.5454814434051514,"z":-2.0960731506347658},"rotation":{"x":0.04013177752494812,"y":-0.04884418845176697,"z":-0.001964014023542404,"w":-0.9979993104934692},"size":1.3429322242736817,"orthographic":false}